{
  "test": {
    "accuracy": 0.3524590163934426,
    "macro_f1": 0.35269798136645963,
    "macro_auc": 0.7765956794435017
  }
}