{
  "metrics": {
    "knn": {
      "accuracy": 0.2786885245901639,
      "macro_precision": 0.2877578304048892,
      "macro_recall": 0.2768644957983193,
      "macro_f1": 0.2790892504225301,
      "weighted_f1": 0.2807562959193426,
      "macro_auc": 0.673852772643009,
      "per_class": {
        "Feeling": {
          "precision": 0.42857142857142855,
          "recall": 0.35294117647058826,
          "f1": 0.3870967741935484,
          "support": 17,
          "auc": 0.6543417366946779
        },
        "Friend": {
          "precision": 0.25,
          "recall": 0.25,
          "f1": 0.25,
          "support": 12,
          "auc": 0.7719696969696972
        },
        "Happy": {
          "precision": 0.35714285714285715,
          "recall": 0.3333333333333333,
          "f1": 0.3448275862068966,
          "support": 15,
          "auc": 0.7576323987538942
        },
        "Married": {
          "precision": 0.1,
          "recall": 0.0625,
          "f1": 0.07692307692307693,
          "support": 16,
          "auc": 0.5091391509433962
        },
        "Necessities": {
          "precision": 0.5833333333333334,
          "recall": 0.4666666666666667,
          "f1": 0.5185185185185185,
          "support": 15,
          "auc": 0.7869158878504673
        },
        "NewYork": {
          "precision": 0.22727272727272727,
          "recall": 0.3125,
          "f1": 0.2631578947368421,
          "support": 16,
          "auc": 0.7007665094339622
        },
        "RememberMe": {
          "precision": 0.11764705882352941,
          "recall": 0.14285714285714285,
          "f1": 0.12903225806451613,
          "support": 14,
          "auc": 0.5968915343915343
        },
        "TryEverything": {
          "precision": 0.23809523809523808,
          "recall": 0.29411764705882354,
          "f1": 0.2631578947368421,
          "support": 17,
          "auc": 0.6131652661064426
        }
      }
    },
    "rf": {
      "accuracy": 0.5163934426229508,
      "macro_precision": 0.5164945026593634,
      "macro_recall": 0.5169905462184874,
      "macro_f1": 0.5127939054409643,
      "weighted_f1": 0.5106926128623331,
      "macro_auc": 0.7895691136177718,
      "per_class": {
        "Feeling": {
          "precision": 0.35294117647058826,
          "recall": 0.35294117647058826,
          "f1": 0.35294117647058826,
          "support": 17,
          "auc": 0.7840336134453781
        },
        "Friend": {
          "precision": 0.5,
          "recall": 0.4166666666666667,
          "f1": 0.45454545454545453,
          "support": 12,
          "auc": 0.8147727272727272
        },
        "Happy": {
          "precision": 0.6842105263157895,
          "recall": 0.8666666666666667,
          "f1": 0.7647058823529411,
          "support": 15,
          "auc": 0.959190031152648
        },
        "Married": {
          "precision": 0.4166666666666667,
          "recall": 0.3125,
          "f1": 0.35714285714285715,
          "support": 16,
          "auc": 0.7155070754716981
        },
        "Necessities": {
          "precision": 0.7692307692307693,
          "recall": 0.6666666666666666,
          "f1": 0.7142857142857143,
          "support": 15,
          "auc": 0.8501557632398754
        },
        "NewYork": {
          "precision": 0.47368421052631576,
          "recall": 0.5625,
          "f1": 0.5142857142857142,
          "support": 16,
          "auc": 0.785377358490566
        },
        "RememberMe": {
          "precision": 0.46153846153846156,
          "recall": 0.42857142857142855,
          "f1": 0.4444444444444444,
          "support": 14,
          "auc": 0.7341269841269842
        },
        "TryEverything": {
          "precision": 0.47368421052631576,
          "recall": 0.5294117647058824,
          "f1": 0.5,
          "support": 17,
          "auc": 0.673389355742297
        }
      }
    },
    "sklearn_mlp": {
      "accuracy": 0.3442622950819672,
      "macro_precision": 0.3995098039215686,
      "macro_recall": 0.3483674719887955,
      "macro_f1": 0.3563415662577377,
      "weighted_f1": 0.34887669781488145,
      "macro_auc": 0.7519127864793814,
      "per_class": {
        "Feeling": {
          "precision": 0.35714285714285715,
          "recall": 0.29411764705882354,
          "f1": 0.3225806451612903,
          "support": 17,
          "auc": 0.7551820728291316
        },
        "Friend": {
          "precision": 0.8571428571428571,
          "recall": 0.5,
          "f1": 0.631578947368421,
          "support": 12,
          "auc": 0.8583333333333333
        },
        "Happy": {
          "precision": 0.2916666666666667,
          "recall": 0.4666666666666667,
          "f1": 0.358974358974359,
          "support": 15,
          "auc": 0.8193146417445483
        },
        "Married": {
          "precision": 0.29411764705882354,
          "recall": 0.3125,
          "f1": 0.30303030303030304,
          "support": 16,
          "auc": 0.7364386792452831
        },
        "Necessities": {
          "precision": 0.5,
          "recall": 0.2,
          "f1": 0.2857142857142857,
          "support": 15,
          "auc": 0.6685358255451713
        },
        "NewYork": {
          "precision": 0.375,
          "recall": 0.375,
          "f1": 0.375,
          "support": 16,
          "auc": 0.7606132075471698
        },
        "RememberMe": {
          "precision": 0.23529411764705882,
          "recall": 0.2857142857142857,
          "f1": 0.25806451612903225,
          "support": 14,
          "auc": 0.7367724867724869
        },
        "TryEverything": {
          "precision": 0.2857142857142857,
          "recall": 0.35294117647058826,
          "f1": 0.3157894736842105,
          "support": 17,
          "auc": 0.6801120448179271
        }
      }
    },
    "deep_mlp": {
      "accuracy": 0.45901639344262296,
      "macro_precision": 0.4774407566977227,
      "macro_recall": 0.4619047619047619,
      "macro_f1": 0.46016365355075034,
      "weighted_f1": 0.45740839100966013,
      "macro_auc": 0.7726718275666273,
      "per_class": {
        "Feeling": {
          "precision": 0.3181818181818182,
          "recall": 0.4117647058823529,
          "f1": 0.358974358974359,
          "support": 17,
          "auc": 0.7624649859943978
        },
        "Friend": {
          "precision": 0.5384615384615384,
          "recall": 0.5833333333333334,
          "f1": 0.56,
          "support": 12,
          "auc": 0.8522727272727273
        },
        "Happy": {
          "precision": 0.5333333333333333,
          "recall": 0.5333333333333333,
          "f1": 0.5333333333333333,
          "support": 15,
          "auc": 0.8728971962616823
        },
        "Married": {
          "precision": 0.5,
          "recall": 0.25,
          "f1": 0.3333333333333333,
          "support": 16,
          "auc": 0.7606132075471698
        },
        "Necessities": {
          "precision": 0.6,
          "recall": 0.4,
          "f1": 0.48,
          "support": 15,
          "auc": 0.6847352024922119
        },
        "NewYork": {
          "precision": 0.42105263157894735,
          "recall": 0.5,
          "f1": 0.45714285714285713,
          "support": 16,
          "auc": 0.78125
        },
        "RememberMe": {
          "precision": 0.35294117647058826,
          "recall": 0.42857142857142855,
          "f1": 0.3870967741935484,
          "support": 14,
          "auc": 0.6990740740740741
        },
        "TryEverything": {
          "precision": 0.5555555555555556,
          "recall": 0.5882352941176471,
          "f1": 0.5714285714285714,
          "support": 17,
          "auc": 0.7680672268907563
        }
      }
    },
    "deep_mlp_plus": {
      "accuracy": 0.3360655737704918,
      "macro_f1": 0.3365891116584346,
      "macro_auc": 0.7727924608861434,
      "per_class": {
        "0": {
          "precision": 0.35294117647058826,
          "recall": 0.35294117647058826,