{
  "knn": {
    "best_params": {
      "n_neighbors": 7,
      "weights": "distance"
    },
    "cv_auc": 0.855398766902875,
    "final_model_trained": true,
    "test": {
      "accuracy": 0.2786885245901639,
      "macro_f1": 0.2790892504225301,
      "macro_auc": 0.673852772643009
    }
  },
  "rf": {
    "best_params": {
      "n_estimators": 200,
      "max_depth": null
    },
    "cv_auc": 0.9666190717774212,
    "final_model_trained": true,
    "test": {
      "accuracy": 0.5163934426229508,
      "macro_f1": 0.5127939054409643,
      "macro_auc": 0.7895691136177718
    }
  },
  "mlp": {
    "best_params": {
      "hidden_layer_sizes": [
        256,
        128
      ],
      "alpha": 0.0001,
      "lr": 0.001,
      "max_iter": 300
    },
    "cv_auc": 0.938717627048154,
    "final_model_trained": true,
    "scaler": {
      "mean_": [
        -2.3090289137901183,
        1.0810856327479827,
        -3.9396450449923224,
        -7.756481111097387,
        1.0324607258716567,
        -2.790110022825573,
        -4.1774350644652944,
        72.03745511498592,
        15.155620214239075,
        11.950292868217335,
        12.11832809427291,
        12.296053844124746,
        12.764607944230667,
        11.058815911667327,
        0.038857976059618285,
        0.005680296083554232,
        0.0007548336243973811,
        0.003220570557428016,
        0.0015869457011586298,
        0.0005619426694125175,
        -0.0004441149193738281,
        0.0007599001997989653,
        -0.00018454311093214591,
        3.9136536066674164,
        2.3960232880088315,
        2.1996554126163352,
        -1.7667273480286818,
        0.23266501131823603,
        -0.005374356411549874,
        0.42450081626221653,
        3.7028305906508105,
        -3.5132234918703547,
        0.0,
        0.1074672598150973,
        0.23367179997255896,
        0.27057923496172404,
        0.4357182716368925,
        0.3864840547805302,
        0.04178022264326278,
        137.04747665124853,
        2.8382902797657477
      ],
      "scale_": [
        21.251369725914593,
        12.712447537668456,
        11.951417421677137,
        11.37475722066158,
        9.491382456473815,
        9.11855937448569,
        7.748020872460694,
        32.39891740131221,
        5.280485319883039,
        3.808543864767977,
        3.906545750460946,
        3.855836797773767,
        4.172848534718676,
        3.558740403468555,
        0.10411145808559247,
        0.027998508805058088,
        0.017097597631451748,
        0.01417204330322066,
        0.01256694575736652,
        0.011933897332692728,
        0.012053039418175206,
        0.010558931054857978,
        0.009878766264877895,
        1.5230102736517073,
        0.7973421873476407,
        1.5591074817483517,
        0.6965932744865346,
        0.28575004737355497,
        0.01763893327945566,
        0.14059264168253055,
        1.0497170164079699,
        1.0847983927786125,
        1.0,
        0.07780426110764065,
        0.06294565099588006,
        0.07126895159881547,
        0.16783881845596282,
        0.17786087353091765,
        0.05690442479675013,
        68.04105531367208,
        0.9176983836754491
      ]
    },
    "clip_bounds": {
      "low": [
        -58.88759078979492,
        -32.101946716308596,
        -33.2609294128418,
        -42.10944206237793,
        -23.2731160736084,
        -24.9451806640625,
        -23.82159465789795,
        14.728658161163331,
        6.22294436454773,
        5.3127255153656,
        5.032903728485107,
        5.428840436935425,
        5.539177074432373,
        4.850143728256225,
        -0.24683050990104674,
        -0.08770778983831405,
        -0.06366887018084526,
        -0.03270633518695831,
        -0.0387489640712738,
        -0.043249735161662105,
        -0.04227365888655186,
        -0.031253617256879807,
        -0.02766442283987999,
        1.393616635799408,
        1.0945983743667602,
        0.9318642568588257,
        -4.099038372039795,
        -0.8774445486068726,
        -0.05581673577427864,
        0.1187491162121296,
        0.800000011920929,
        -5.0,
        0.0,
        0.0,
        0.07456724345684052,
        0.07106660440564155,
        0.02799659449607134,
        0.19276836395263672,
        0.0,
        30.399816513061523,
        0.5981685638427734
      ],
      "high": [
        38.64928985595704,
        30.40354431152344,
        24.619778900146592,
        20.7297306060791,
        23.265499763488787,
        19.21287532806402,
        14.846046180725105,
        145.1855731201172,
        30.18858997344971,
        24.386194229125977,
        24.325481376647957,
        24.061432762146,
        27.761454887390137,
        22.263111839294435,
        0.4006648647785196,
        0.08220296755433083,
        0.043747933134436694,
        0.046903875470161484,
        0.03840911500155928,
        0.035121431797742936,
        0.03336426511406903,
        0.033133320733904854,
        0.031778416261077004,
        9.007018737792993,
        5.1678237438201995,
        8.790066852569588,
        -0.5040739119052885,
        0.6400023627281198,
        0.031904965788126016,
        0.8147468948364263,
        5.0,
        -0.800000011920929,
        0.0,
        0.30000001192092896,
        0.3748043477535249,
        0.4577808254957199,
        0.7787675595283512,
        1.4493538403511088,
        0.2554194927215576,
        258.3984375,
        5.172116966247563
      ]
    },
    "test": {
      "accuracy": 0.3442622950819672,
      "macro_f1": 0.3563415662577377,
      "macro_auc": 0.7519127864793814
    }
  },
  "deep_mlp": {
    "best_params": {
      "hidden_sizes": [
        256,
        128,
        64
      ],
      "dropout": 0.3,
      "lr": 0.001,
      "weight_decay": 0.0001,
      "epochs": 60,
      "batch_size": 64,
      "patience": 10
    },
    "cv_auc": 0.9597561416242224,
    "final_model_trained": true,
    "best_train_auc": 0.999900301417458
  },
  "best_model": "rf"
}