{
  "val": {
    "accuracy": 0.15833333333333333,
    "macro_f1": 0.14661754279875722,
    "macro_auc": 0.6123809523809524
  },
  "test": {
    "accuracy": 0.16666666666666666,
    "macro_f1": 0.14538019451812556,
    "macro_auc": 0.6134126984126984
  }
}