{
  "nmi": 0.04250140990718758,
  "ari": 0.021693372175089678,
  "silhouette": 0.18083471059799194
}